Actual_River_Level_m,Predicted_River_Level_m,Error_m,Flood_Alert
3.987,4.014695186957717,0.027695186957717333,⚠️ FLOOD RISK
4.156,4.495562135070563,0.33956213507056354,⚠️ FLOOD RISK
4.927,5.125730276405812,0.1987302764058123,⚠️ FLOOD RISK
6.293,6.31299444705248,0.01999444705247999,⚠️ FLOOD RISK
6.482,5.878184804409743,0.6038151955902569,⚠️ FLOOD RISK
5.003,5.247801252588631,0.24480125258863072,⚠️ FLOOD RISK
5.991,6.347330825507642,0.3563308255076425,⚠️ FLOOD RISK
7.007999999999999,6.888244837582112,0.11975516241788675,⚠️ FLOOD RISK
6.411,6.2575006785392775,0.1534993214607221,⚠️ FLOOD RISK
5.815,5.594905442833901,0.2200945571660995,⚠️ FLOOD RISK
4.945,5.2794991837888965,0.3344991837888962,⚠️ FLOOD RISK
4.743,4.633219503924251,0.10978049607574913,⚠️ FLOOD RISK
4.641,4.015826290726662,0.625173709273338,⚠️ FLOOD RISK
3.3,3.278128573313356,0.02187142668664377,✅ Safe
2.443,2.7896936427801853,0.3466936427801852,✅ Safe
3.271,3.5581526664644483,0.28715266646444837,⚠️ FLOOD RISK
4.36,4.094848289430142,0.2651517105698584,⚠️ FLOOD RISK
6.109,6.736300162911416,0.6273001629114159,⚠️ FLOOD RISK
9.064000000000002,9.617878822088242,0.5538788220882402,⚠️ FLOOD RISK
11.290999999999999,11.364229913055897,0.07322991305589888,⚠️ FLOOD RISK
12.221499999999995,11.224989422857762,0.9965105771422333,⚠️ FLOOD RISK
13.151999999999997,12.667083403408528,0.4849165965914697,⚠️ FLOOD RISK
12.974,12.724862165808679,0.24913783419132152,⚠️ FLOOD RISK
12.192999999999998,11.42712447577715,0.7658755242228477,⚠️ FLOOD RISK
9.502,9.25754185706377,0.2444581429362298,⚠️ FLOOD RISK
6.614,6.8839408671855935,0.2699408671855936,⚠️ FLOOD RISK
6.8500000000000005,7.191508887112142,0.3415088871121412,⚠️ FLOOD RISK
5.8825,6.314477149486542,0.4319771494865421,⚠️ FLOOD RISK
4.915,5.30619816094637,0.39119816094637017,⚠️ FLOOD RISK
4.478,4.938987402275205,0.4609874022752054,⚠️ FLOOD RISK
5.153,5.837558863699437,0.6845588636994373,⚠️ FLOOD RISK
6.351,6.431649325579405,0.0806493255794054,⚠️ FLOOD RISK
6.426999999999999,5.626950468420983,0.8000495315790159,⚠️ FLOOD RISK
5.623,6.359945984244348,0.7369459842443478,⚠️ FLOOD RISK
5.735,6.196682853072883,0.46168285307288226,⚠️ FLOOD RISK
6.044,5.816443866848947,0.22755613315105272,⚠️ FLOOD RISK
7.383,7.004455217778684,0.37854478222131593,⚠️ FLOOD RISK
6.472,6.647126050829889,0.1751260508298884,⚠️ FLOOD RISK
5.655,5.7675401224493985,0.11254012244939826,⚠️ FLOOD RISK
5.644,5.059781548038126,0.584218451961874,⚠️ FLOOD RISK
4.101,4.290846395641566,0.1898463956415659,⚠️ FLOOD RISK
3.775,3.911472760766745,0.13647276076674508,⚠️ FLOOD RISK
3.939,3.28505032427609,0.65394967572391,✅ Safe
2.936,3.3096084444522864,0.37360844445228647,✅ Safe
2.897,3.011201596677304,0.11420159667730401,✅ Safe
2.994,2.9974150606244807,0.0034150606244804926,✅ Safe
2.771,2.9049676630049945,0.13396766300499463,✅ Safe
3.0635,3.196355520397425,0.13285552039742532,✅ Safe
3.356,3.1467700402289633,0.20922995977103653,✅ Safe
3.102,2.7745313146635895,0.3274686853364104,✅ Safe
2.471,2.304325993292034,0.16667400670796617,✅ Safe
2.132,2.1098733844533566,0.022126615546643524,✅ Safe
2.217,2.1993064262978734,0.017693573702126653,✅ Safe
2.781,2.3775573448017244,0.4034426551982757,✅ Safe
2.476,2.388197245024145,0.0878027549758551,✅ Safe
2.3185000000000002,2.336787267185748,0.01828726718574769,✅ Safe
2.161,2.3269459490105513,0.16594594901055126,✅ Safe
2.4890000000000003,2.3025797905772927,0.18642020942270765,✅ Safe
2.402,2.272376219943166,0.12962378005683428,✅ Safe
2.569,2.3985184013172987,0.1704815986827013,✅ Safe
2.341,2.3463070593774322,0.005307059377432033,✅ Safe
2.3,2.3410883230492474,0.04108832304924759,✅ Safe
2.3310000000000004,2.297193733558059,0.033806266441941624,✅ Safe
2.36,2.312890083611012,0.04710991638898809,✅ Safe
2.4890000000000003,2.2739462258890275,0.21505377411097282,✅ Safe
2.502,2.1887597248926762,0.31324027510732355,✅ Safe
2.046,2.0052192601561547,0.040780739843845115,✅ Safe
2.347,2.241332998842001,0.10566700115799899,✅ Safe
2.174,2.132424120012671,0.041575879987329145,✅ Safe
2.2379999999999995,2.199034513615072,0.03896548638492758,✅ Safe
2.63,2.4648355531543498,0.16516444684565013,✅ Safe
2.244,2.36863913872093,0.12463913872092958,✅ Safe
2.22,2.2831696630641822,0.06316966306418204,✅ Safe
2.351,2.2892458020150666,0.06175419798493342,✅ Safe
2.217,2.3055412210822106,0.08854122108221052,✅ Safe
2.355,2.15758376006037,0.19741623993962998,✅ Safe
2.347,2.238026461131871,0.108973538868129,✅ Safe
2.118,2.1214858775921166,0.003485877592116715,✅ Safe
2.039,2.0575916300453247,0.018591630045324603,✅ Safe
2.103,2.042240718394518,0.06075928160548205,✅ Safe
1.978,1.9135197052136066,0.06448029478639339,✅ Safe
2.3660000000000005,2.1969624793566767,0.1690375206433239,✅ Safe
2.437,2.335859783291817,0.10114021670818296,✅ Safe
2.391,2.404025941371918,0.013025941371918037,✅ Safe
2.291,2.3688626304119826,0.07786263041198271,✅ Safe
2.383,2.4223274865075948,0.03932748650759477,✅ Safe
2.258,2.337994148813188,0.07999414881318812,✅ Safe
2.774,2.4526165059506897,0.3213834940493103,✅ Safe
2.516,2.3245299336165193,0.19147006638348074,✅ Safe
2.421,2.2693504047542814,0.15164959524571842,✅ Safe
2.227,2.2890023060292006,0.06200230602920076,✅ Safe
2.435,2.3098514179810885,0.12514858201891155,✅ Safe
2.323,2.252629596345127,0.07037040365487313,✅ Safe
2.4240000000000004,2.248927609495819,0.17507239050418155,✅ Safe
2.48,2.5058977464661005,0.025897746466100546,✅ Safe
2.471,2.3204925105124716,0.15050748948752846,✅ Safe
2.776,2.6226331400424243,0.15336685995757549,✅ Safe
2.699,2.5978333785831933,0.10116662141680655,✅ Safe
2.818,2.6888745140209798,0.1291254859790203,✅ Safe
3.0580000000000003,2.750588558390737,0.3074114416092635,✅ Safe
2.849,2.6454812242090706,0.20351877579092958,✅ Safe
2.6910000000000003,2.6569672663584356,0.03403273364156467,✅ Safe
2.867,2.5256558957174424,0.34134410428255757,✅ Safe
2.469,2.497787660904229,0.028787660904229018,✅ Safe
2.729,2.519747739851475,0.20925226014852516,✅ Safe
2.545,2.4327277326285843,0.1122722673714156,✅ Safe
2.153,2.318275610715151,0.16527561071515118,✅ Safe
2.532,2.3273676289469005,0.2046323710530995,✅ Safe
2.443,2.392012766182423,0.05098723381757697,✅ Safe
2.233,2.2860932046398523,0.05309320463985223,✅ Safe
2.358,2.3090757547616962,0.048924245238303854,✅ Safe
2.028,2.201185637701303,0.17318563770130302,✅ Safe
2.155,2.1124498978815973,0.04255010211840249,✅ Safe
2.041,2.0016991666629913,0.03930083333700862,✅ Safe
1.848,1.909192484792322,0.06119248479232198,✅ Safe
1.703,1.747399669289589,0.04439966928958894,✅ Safe
1.683,1.7284701085276903,0.04547010852769029,✅ Safe
1.595,1.7824414972141387,0.18744149721413872,✅ Safe
1.81,2.0124730029255153,0.2024730029255153,✅ Safe
2.137,2.246226102344692,0.10922610234469188,✅ Safe
2.665,2.6461601779237394,0.01883982207626067,✅ Safe
2.899,2.7083438595458866,0.1906561404541134,✅ Safe
4.75,5.0654413062036046,0.31544130620360455,⚠️ FLOOD RISK
7.064000000000001,7.277382687985898,0.21338268798589688,⚠️ FLOOD RISK
6.858,6.779285815536977,0.07871418446302236,⚠️ FLOOD RISK
7.724,7.5654731487035765,0.15852685129642374,⚠️ FLOOD RISK
8.421,8.395566067099573,0.025433932900426726,⚠️ FLOOD RISK
8.074,8.146012091875077,0.07201209187507729,⚠️ FLOOD RISK
8.585,8.030219284772874,0.5547807152271265,⚠️ FLOOD RISK
7.103,7.244206823587419,0.1412068235874191,⚠️ FLOOD RISK
4.892,5.641599441289903,0.7495994412899023,⚠️ FLOOD RISK
5.509,5.082833649516107,0.42616635048389373,⚠️ FLOOD RISK
4.679,4.485198055654765,0.19380194434523546,⚠️ FLOOD RISK
3.995,4.360749350443483,0.3657493504434832,⚠️ FLOOD RISK
4.491,4.428070293948055,0.06292970605194448,⚠️ FLOOD RISK
8.846,9.389365655601026,0.5433656556010256,⚠️ FLOOD RISK
8.403,8.746251158595086,0.3432511585950859,⚠️ FLOOD RISK
8.543,8.194800314784052,0.34819968521594724,⚠️ FLOOD RISK
11.603,11.41807776528597,0.1849222347140298,⚠️ FLOOD RISK
14.235,14.446722700774671,0.21172270077467203,⚠️ FLOOD RISK
13.848999999999998,13.428806676328184,0.42019332367181406,⚠️ FLOOD RISK
13.336999999999996,11.669652836680413,1.667347163319583,⚠️ FLOOD RISK
9.606,11.030483027637006,1.424483027637006,⚠️ FLOOD RISK
10.536999999999999,10.582676157474518,0.04567615747451903,⚠️ FLOOD RISK
10.565,9.030159529387952,1.534840470612048,⚠️ FLOOD RISK
7.682000000000001,7.550751047551633,0.13124895244836843,⚠️ FLOOD RISK
4.985,6.165691828608514,1.1806918286085137,⚠️ FLOOD RISK
5.601,5.672152225971223,0.07115222597122273,⚠️ FLOOD RISK
5.713,5.1212999212592845,0.5917000787407156,⚠️ FLOOD RISK
4.151,4.37475500638783,0.2237550063878304,⚠️ FLOOD RISK
3.642,3.9084564840495593,0.26645648404955935,⚠️ FLOOD RISK
7.378,7.914268562972547,0.5362685629725465,⚠️ FLOOD RISK
7.043,7.066553848028184,0.023553848028184277,⚠️ FLOOD RISK
7.306,6.700994039833547,0.6050059601664532,⚠️ FLOOD RISK
6.747999999999999,6.793968702971936,0.04596870297193689,⚠️ FLOOD RISK
6.938,7.273890547513963,0.3358905475139631,⚠️ FLOOD RISK
7.248,7.278155304193498,0.030155304193497656,⚠️ FLOOD RISK
7.22,5.8921464774012575,1.3278535225987422,⚠️ FLOOD RISK
3.322,4.30396391388774,0.9819639138877401,⚠️ FLOOD RISK
4.538,4.703541356608272,0.16554135660827196,⚠️ FLOOD RISK
4.57,4.353774343013764,0.21622565698623664,⚠️ FLOOD RISK
4.401,4.2787974511832,0.1222025488167997,⚠️ FLOOD RISK
8.08,8.51101654905081,0.43101654905080977,⚠️ FLOOD RISK
8.281,8.721212670385839,0.4402126703858382,⚠️ FLOOD RISK
8.618,8.36339386188984,0.25460613811016053,⚠️ FLOOD RISK
9.597,9.191376658380031,0.40562334161996816,⚠️ FLOOD RISK
8.781,9.252144141912462,0.4711441419124611,⚠️ FLOOD RISK
10.876,10.930354510724545,0.054354510724545335,⚠️ FLOOD RISK
10.783000000000001,9.507571696043016,1.2754283039569856,⚠️ FLOOD RISK
6.925,7.714190640449525,0.789190640449525,⚠️ FLOOD RISK
7.914000000000001,8.12452933394909,0.21052933394908901,⚠️ FLOOD RISK
8.968,8.672152071118356,0.2958479288816438,⚠️ FLOOD RISK
7.739,7.747484145998956,0.008484145998956194,⚠️ FLOOD RISK
7.68,7.108742508351804,0.5712574916481961,⚠️ FLOOD RISK
5.817,6.556827458918096,0.7398274589180955,⚠️ FLOOD RISK
5.862,5.898132398307324,0.03613239830732429,⚠️ FLOOD RISK
6.351,5.89342569243908,0.45757430756092,⚠️ FLOOD RISK
5.045,4.9351942700296645,0.10980572997033544,⚠️ FLOOD RISK
4.472,5.011915642350913,0.5399156423509126,⚠️ FLOOD RISK
4.409,4.552462828159333,0.14346282815933353,⚠️ FLOOD RISK
5.364,5.43721304409206,0.07321304409205975,⚠️ FLOOD RISK
5.296,5.278052250623704,0.017947749376296507,⚠️ FLOOD RISK
5.963000000000001,5.89794904768467,0.06505095231533087,⚠️ FLOOD RISK
7.998000000000001,8.407325942873957,0.40932594287395574,⚠️ FLOOD RISK
8.792,8.657539132475854,0.13446086752414566,⚠️ FLOOD RISK
8.602,8.5392355876565,0.06276441234350116,⚠️ FLOOD RISK
8.525,8.29063545960188,0.23436454039812027,⚠️ FLOOD RISK
9.399,9.573563082575799,0.17456308257579956,⚠️ FLOOD RISK
10.680999999999997,10.646729114592077,0.03427088540792056,⚠️ FLOOD RISK
12.034999999999998,11.140907794833184,0.8940922051668139,⚠️ FLOOD RISK
9.499,9.7745662368536,0.2755662368535994,⚠️ FLOOD RISK
8.721,8.831818668544294,0.11081866854429379,⚠️ FLOOD RISK
8.858,8.758948984086516,0.09905101591348497,⚠️ FLOOD RISK
10.731999999999998,10.361283990025521,0.3707160099744762,⚠️ FLOOD RISK
9.236,9.157232109189033,0.07876789081096724,⚠️ FLOOD RISK
8.742,8.665002456665041,0.07699754333495967,⚠️ FLOOD RISK
6.825,7.294502125024796,0.46950212502479616,⚠️ FLOOD RISK
6.391,6.5792375682592406,0.18823756825924054,⚠️ FLOOD RISK
7.043,6.926168741226197,0.11683125877380274,⚠️ FLOOD RISK
6.687,6.332970126450062,0.35402987354993787,⚠️ FLOOD RISK
4.567,5.263303918674589,0.6963039186745892,⚠️ FLOOD RISK
5.756,5.517773916229607,0.23822608377039334,⚠️ FLOOD RISK
5.832,6.2558537024259575,0.42385370242595766,⚠️ FLOOD RISK
6.214000000000001,6.024341216504575,0.18965878349542642,⚠️ FLOOD RISK
6.744,6.2887990537583836,0.4552009462416162,⚠️ FLOOD RISK
5.961,6.33900691920519,0.37800691920518936,⚠️ FLOOD RISK
6.8500000000000005,6.968475042700769,0.11847504270076836,⚠️ FLOOD RISK
8.101,7.912815535783769,0.18818446421623225,⚠️ FLOOD RISK
7.369,7.363575497746469,0.005424502253530861,⚠️ FLOOD RISK
6.265,6.689728044927121,0.4247280449271216,⚠️ FLOOD RISK
6.089,6.182455162703992,0.09345516270399123,⚠️ FLOOD RISK
5.333,5.811464784622193,0.4784647846221928,⚠️ FLOOD RISK
5.314,5.157649182200433,0.1563508177995674,⚠️ FLOOD RISK
4.39,4.10303600755334,0.28696399244666004,⚠️ FLOOD RISK
2.854,2.752307073041797,0.10169292695820298,✅ Safe
2.737,2.525771814644337,0.211228185355663,✅ Safe
2.334,2.184581874288619,0.14941812571138113,✅ Safe
2.173,2.1491627468168737,0.02383725318312635,✅ Safe
2.395,2.220527737364173,0.17447226263582705,✅ Safe
2.449,2.196244576882571,0.2527554231174287,✅ Safe
2.062,1.9946887874007226,0.06731121259927719,✅ Safe
2.179,1.8203840803653004,0.3586159196346994,✅ Safe
1.459,1.7131757653132083,0.2541757653132082,✅ Safe
1.672,1.8398901225104929,0.16789012251049296,✅ Safe
1.807,1.8730685702450576,0.06606857024505763,✅ Safe
1.92,1.907667389150709,0.012332610849290937,✅ Safe
1.681,1.879969323322177,0.19896932332217698,✅ Safe
1.984,1.894826552823186,0.08917344717681397,✅ Safe
1.994,1.9202585692293943,0.07374143077060569,✅ Safe
2.469,2.2803694592267276,0.18863054077327224,✅ Safe
2.434,2.42952611810714,0.004473881892860021,✅ Safe
2.485,2.4060070289522413,0.0789929710477586,✅ Safe
2.015,2.357213506892324,0.34221350689232377,✅ Safe
2.4679999999999995,2.4366752026453615,0.031324797354638,✅ Safe
2.648,2.5009788096025587,0.14702119039744144,✅ Safe
2.418,2.317302951559425,0.10069704844057537,✅ Safe
2.173,2.1232707641087476,0.049729235891252443,✅ Safe
1.957,2.008679407004267,0.051679407004266986,✅ Safe
1.755,2.000333707943559,0.2453337079435589,✅ Safe
1.897,1.9676260235309602,0.07062602353096015,✅ Safe
2.356,2.094718143951148,0.2612818560488517,✅ Safe
1.883,1.962170017719269,0.0791700177192689,✅ Safe
2.235,2.1418384591005744,0.09316154089942552,✅ Safe
2.28,2.130709116049111,0.14929088395088863,✅ Safe
2.195,2.099238385945559,0.09576161405444106,✅ Safe
2.195,2.0929658472128216,0.1020341527871782,✅ Safe
1.806,2.011828493691981,0.20582849369198097,✅ Safe
1.888,2.037239379733801,0.14923937973380097,✅ Safe
1.738,1.987315018862486,0.24931501886248597,✅ Safe
2.041,2.271279163219035,0.23027916321903508,✅ Safe
2.19,2.229026515647769,0.039026515647769155,✅ Safe
2.26,2.2673375222682957,0.007337522268295871,✅ Safe
2.903,2.7542916050702337,0.14870839492976629,✅ Safe
3.238,2.9741668905615812,0.26383310943841876,✅ Safe
3.7175000000000002,2.860614564478398,0.8568854355216025,✅ Safe
4.197,4.1639227219820025,0.033077278017997536,⚠️ FLOOD RISK
3.712,3.7452036862224345,0.0332036862224343,⚠️ FLOOD RISK
3.5320000000000005,3.497620995149017,0.03437900485098355,✅ Safe
3.621,3.500188963696361,0.12081103630363899,⚠️ FLOOD RISK
3.06,3.1059070949926975,0.045907094992697406,✅ Safe
2.832,2.756463727042079,0.07553627295792076,✅ Safe
2.817,2.4054372377470137,0.4115627622529865,✅ Safe
1.928,2.0598368140608074,0.1318368140608075,✅ Safe
1.976,1.908164913184941,0.06783508681505901,✅ Safe
1.957,1.9805893364846707,0.023589336484670653,✅ Safe
1.96,2.0320297844409945,0.0720297844409945,✅ Safe
2.546,2.2849118914157156,0.2610881085842842,✅ Safe
2.576,2.4620166698098185,0.11398333019018159,✅ Safe
2.859,2.7288584625944496,0.13014153740555034,✅ Safe
2.73,2.630050096660853,0.0999499033391471,✅ Safe
2.8560000000000003,2.715139358237386,0.14086064176261415,✅ Safe
2.905,2.655178670436144,0.2498213295638556,✅ Safe
2.729,2.552252864219249,0.1767471357807513,✅ Safe
2.59,2.479194132551551,0.11080586744844867,✅ Safe
2.5680000000000005,2.4432109104618434,0.12478908953815715,✅ Safe
2.5979999999999994,2.4011742032915357,0.19682579670846367,✅ Safe
3.076,2.917791873246432,0.1582081267535682,✅ Safe
2.988,2.9440735422670845,0.04392645773291548,✅ Safe
3.251,3.2106788604408507,0.04032113955914918,✅ Safe
3.442,3.216029148191214,0.22597085180878596,✅ Safe
3.164,3.1811113203987484,0.017111320398748298,✅ Safe
3.3,3.1311816603764897,0.16881833962351012,✅ Safe
3.078,2.7945623701885345,0.28343762981146536,✅ Safe
2.264,2.435653261385858,0.17165326138585835,✅ Safe
2.781,2.737348099842668,0.043651900157332335,✅ Safe
2.684,2.5478187996670605,0.13618120033293968,✅ Safe
3.016,2.662607815101743,0.3533921848982571,✅ Safe
3.227,2.9821785443946722,0.24482145560532764,✅ Safe
2.952,2.849616176694632,0.102383823305368,✅ Safe
3.075,2.7798230467960243,0.29517695320397586,✅ Safe
3.085,2.748361060291529,0.3366389397084708,✅ Safe
2.464,2.583960466369987,0.11996046636998692,✅ Safe
2.618,2.4249155918285252,0.19308440817147465,✅ Safe
2.274,2.2942598586380485,0.020259858638048467,✅ Safe
2.553,2.488762941889465,0.06423705811053493,✅ Safe
2.79,2.562586605995894,0.2274133940041061,✅ Safe
2.966,2.8393411230146888,0.12665887698531142,✅ Safe
2.987,2.7942297159880405,0.19277028401195961,✅ Safe
3.019,2.828425269506872,0.190574730493128,✅ Safe
2.962,2.6758432394564156,0.28615676054358463,✅ Safe
2.669,2.5037949108928443,0.1652050891071557,✅ Safe
2.386,2.2038246148712934,0.18217538512870668,✅ Safe
2.061,2.0759007264710965,0.014900726471096526,✅ Safe
1.815,1.8455599490627648,0.030559949062764824,✅ Safe
1.865,1.8199882337898017,0.04501176621019831,✅ Safe
1.571,1.7610963184945287,0.1900963184945288,✅ Safe
1.761,1.7389705086015166,0.022029491398483314,✅ Safe
1.465,1.758214044056833,0.29321404405683293,✅ Safe
1.708,1.6871034127548339,0.020896587245166076,✅ Safe
1.885,1.887661703310907,0.002661703310907093,✅ Safe
1.88,1.881807996220887,0.0018079962208870093,✅ Safe
2.437,2.453594994172454,0.016594994172454136,✅ Safe
2.564,2.4575580966845156,0.10644190331548442,✅ Safe
2.472,2.4418371055796744,0.030162894420325603,✅ Safe
2.93,2.5990467516705396,0.3309532483294606,✅ Safe
2.741,2.5947808026820423,0.14621919731795785,✅ Safe
2.869,2.5944506655782464,0.2745493344217538,✅ Safe
2.792,2.497988631203771,0.2940113687962289,✅ Safe
2.328,2.2661142132729295,0.06188578672707035,✅ Safe
2.281,2.1289556270018224,0.15204437299817775,✅ Safe
2.287,2.1782986710146073,0.10870132898539264,✅ Safe
2.248,2.210331111118198,0.03766888888180242,✅ Safe
1.992,2.054478312626481,0.06247831262648118,✅ Safe
1.9354999999999998,2.0418057905808094,0.10630579058080958,✅ Safe
1.879,2.0104227614253762,0.13142276142537623,✅ Safe
2.128,2.0354436299577356,0.09255637004226447,✅ Safe
2.112,2.0987475520893932,0.013252447910606868,✅ Safe
2.219,2.013084789901972,0.20591521009802793,✅ Safe
1.757,1.9386057533025742,0.18160575330257434,✅ Safe
2.906,2.804725744262338,0.10127425573766224,✅ Safe
2.93,2.7254762795045977,0.20452372049540246,✅ Safe
2.834,2.635371504038573,0.1986284959614273,✅ Safe
2.478,2.5781780328601602,0.10017803286016003,✅ Safe
2.693,2.720977167874575,0.02797716787457505,✅ Safe
2.978,2.701735818319023,0.2762641816809772,✅ Safe
2.948,2.3571610452979805,0.5908389547020194,✅ Safe
4.231,4.689384144946933,0.45838414494693325,⚠️ FLOOD RISK
5.046,5.275915897920728,0.22991589792072809,⚠️ FLOOD RISK
5.155,5.143667372435332,0.01133262756466813,⚠️ FLOOD RISK
5.301,5.235843718484045,0.06515628151595543,⚠️ FLOOD RISK
8.376,8.472508678972723,0.09650867897272342,⚠️ FLOOD RISK
8.696,8.948335339665414,0.25233533966541444,⚠️ FLOOD RISK
10.007999999999997,9.28377689355612,0.724223106443878,⚠️ FLOOD RISK
10.022999999999998,10.531546769678593,0.5085467696785955,⚠️ FLOOD RISK
9.546999999999999,9.792776239156723,0.24577623915672397,⚠️ FLOOD RISK
9.89,9.316719595313073,0.573280404686928,⚠️ FLOOD RISK
9.759,8.585415568470957,1.1735844315290436,⚠️ FLOOD RISK
9.051,8.047872876226903,1.0031271237730977,⚠️ FLOOD RISK
8.343,8.28707125067711,0.055928749322889715,⚠️ FLOOD RISK
8.154,7.492749720811845,0.6612502791881552,⚠️ FLOOD RISK
5.692,6.249245661199094,0.5572456611990937,⚠️ FLOOD RISK
5.634,5.653586650639773,0.019586650639772607,⚠️ FLOOD RISK
5.81,6.176233959496022,0.36623395949602244,⚠️ FLOOD RISK
5.941,6.147783877909184,0.20678387790918418,⚠️ FLOOD RISK
5.699,5.421983549237252,0.2770164507627477,⚠️ FLOOD RISK
5.068,5.391636106655002,0.32363610665500264,⚠️ FLOOD RISK
4.842,5.10397752673924,0.2619775267392406,⚠️ FLOOD RISK
5.03,4.7099175599813465,0.3200824400186537,⚠️ FLOOD RISK
5.172999999999999,4.800886494487525,0.37211350551247424,⚠️ FLOOD RISK
5.024,5.242969751715661,0.2189697517156608,⚠️ FLOOD RISK
4.875,5.067696889802814,0.1926968898028143,⚠️ FLOOD RISK
5.17,4.828750225022436,0.34124977497756426,⚠️ FLOOD RISK
4.4365,4.374461698383094,0.06203830161690593,⚠️ FLOOD RISK
3.703,3.777983439087868,0.07498343908786831,⚠️ FLOOD RISK
3.76,3.66370512932539,0.09629487067460962,⚠️ FLOOD RISK
3.489,3.411557219713927,0.0774427802860731,✅ Safe
2.925,3.0926313970908526,0.16763139709085273,✅ Safe
3.6320000000000006,3.6231925904452806,0.008807409554719925,⚠️ FLOOD RISK
3.691,3.7444043093025687,0.0534043093025689,⚠️ FLOOD RISK
4.669,4.776368117943407,0.10736811794340717,⚠️ FLOOD RISK
4.716,4.543450032234192,0.172549967765808,⚠️ FLOOD RISK
4.538,4.59777692770958,0.05977692770957965,⚠️ FLOOD RISK
5.816,5.7747490873932845,0.04125091260671532,⚠️ FLOOD RISK
5.843,5.676997769594194,0.1660022304058062,⚠️ FLOOD RISK
5.569,5.487157541736961,0.08184245826303904,⚠️ FLOOD RISK
4.907,4.721971803590656,0.18502819640934387,⚠️ FLOOD RISK
3.889,4.442627061590553,0.5536270615905532,⚠️ FLOOD RISK
3.937,3.898710815548897,0.03828918445110263,⚠️ FLOOD RISK
3.7409999999999997,3.562074303120375,0.17892569687962467,⚠️ FLOOD RISK
2.862,3.0588073140531784,0.1968073140531783,✅ Safe
3.363,3.2321621482819323,0.13083785171806772,✅ Safe
3.098,3.2326002555862074,0.13460025558620758,✅ Safe
2.954,2.884331311963499,0.06966868803650117,✅ Safe
3.6689999999999996,3.6381754098236567,0.03082459017634287,⚠️ FLOOD RISK
3.75,3.8107494141608482,0.060749414160848225,⚠️ FLOOD RISK
4.612,4.689384674862028,0.07738467486202794,⚠️ FLOOD RISK
4.608,4.340661594003439,0.26733840599656045,⚠️ FLOOD RISK
4.073,4.055415982469917,0.01758401753008343,⚠️ FLOOD RISK
3.852,3.9167202449887997,0.0647202449887998,⚠️ FLOOD RISK
4.041,3.7606059333980086,0.28039406660199173,⚠️ FLOOD RISK
3.006,3.1587466512769464,0.15274665127694664,✅ Safe
2.917,2.772372175611556,0.14462782438844402,✅ Safe
3.484,3.8038358768820766,0.3198358768820766,⚠️ FLOOD RISK
3.78,3.8941233405768876,0.11412334057688778,⚠️ FLOOD RISK
4.204,4.178752660855651,0.025247339144348402,⚠️ FLOOD RISK
4.046,4.1849709495306024,0.13897094953060218,⚠️ FLOOD RISK
4.274,4.301522330090404,0.027522330090404168,⚠️ FLOOD RISK
4.502,4.6091184355169545,0.10711843551695477,⚠️ FLOOD RISK
4.287,4.040276308223605,0.24672369177639464,⚠️ FLOOD RISK
3.24,3.504372378408909,0.2643723784089089,⚠️ FLOOD RISK
4.745,5.074445358529688,0.3294453585296875,⚠️ FLOOD RISK
7.481999999999999,8.103163157343866,0.621163157343867,⚠️ FLOOD RISK
8.292,8.463212908387186,0.1712129083871865,⚠️ FLOOD RISK
8.683499999999999,8.772726776540281,0.08922677654028277,⚠️ FLOOD RISK
9.075,8.917515477776528,0.15748452222347176,⚠️ FLOOD RISK
9.469,9.181979144096376,0.2870208559036236,⚠️ FLOOD RISK
9.172,8.578144073545934,0.5938559264540668,⚠️ FLOOD RISK
7.219,6.821285826086999,0.397714173913001,⚠️ FLOOD RISK
5.572,6.298292482674123,0.7262924826741228,⚠️ FLOOD RISK
5.244,5.22289683289826,0.02110316710173965,⚠️ FLOOD RISK
4.731999999999999,4.457779453799129,0.27422054620087,⚠️ FLOOD RISK
4.22,4.4095192912817005,0.18951929128170075,⚠️ FLOOD RISK
3.941,4.341416193097831,0.40041619309783094,⚠️ FLOOD RISK
4.0634999999999994,4.082744498759508,0.019244498759508843,⚠️ FLOOD RISK
4.186,3.569882602036,0.616117397964,⚠️ FLOOD RISK
2.5030000000000006,2.481525361530483,0.021474638469517693,✅ Safe
2.027,2.103381129674614,0.07638112967461375,✅ Safe
1.955,1.9559647782035174,0.0009647782035173691,✅ Safe
2.199,2.075697437793017,0.12330256220698299,✅ Safe
2.2805,2.306099884070456,0.025599884070456103,✅ Safe
2.362,2.290442085340619,0.071557914659381,✅ Safe
2.6,2.292122578583658,0.3078774214163422,✅ Safe
2.5610000000000004,2.435040414579213,0.12595958542078733,✅ Safe
2.474,2.4445310614407063,0.02946893855929389,✅ Safe
2.595,2.4155776929929855,0.17942230700701467,✅ Safe
2.245,2.301651246853173,0.05665124685317302,✅ Safe
2.459,2.3200618220195177,0.13893817798048236,✅ Safe
2.25,2.1750777145922187,0.07492228540778134,✅ Safe
2.353,2.2743993032947185,0.07860069670528169,✅ Safe
2.239,2.180642419237644,0.058357580762355976,✅ Safe
2.073,2.0704540604129438,0.0025459395870561785,✅ Safe
1.95,2.034113079395145,0.08411307939514523,✅ Safe
1.878,1.9832722966074945,0.1052722966074946,✅ Safe
1.64,1.8661044260747732,0.22610442607477332,✅ Safe
1.978,1.7510623099431397,0.22693769005686026,✅ Safe
1.494,1.793487974792719,0.29948797479271905,✅ Safe
2.477,2.3288352288007736,0.14816477119922622,✅ Safe
2.282,2.2992259579449894,0.01722595794498938,✅ Safe
2.583,2.4502292384505275,0.13277076154947265,✅ Safe
2.81,2.7276342262476687,0.08236577375233134,✅ Safe
3.163,2.9891870689541107,0.17381293104588913,✅ Safe
3.196,2.835024832092226,0.3609751679077742,✅ Safe
3.368,3.265659273706377,0.1023407262936229,✅ Safe
2.774,2.8958830635845665,0.12188306358456646,✅ Safe
2.962,2.9462443394511943,0.01575566054880584,✅ Safe
3.002,2.7454167195484045,0.2565832804515953,✅ Safe
2.82,2.7979715789482,0.022028421051799807,✅ Safe
2.507,2.599739880613983,0.09273988061398297,✅ Safe
2.676,2.3933500069230798,0.2826499930769204,✅ Safe
2.453,2.6298693956136705,0.17686939561367065,✅ Safe
2.832,2.539882923692465,0.2921170763075347,✅ Safe
2.745,2.688222585976124,0.05677741402387593,✅ Safe
3.136,3.0035210072994234,0.13247899270057673,✅ Safe
3.136,3.310087090261281,0.17408709026128077,✅ Safe
4.009,3.7808648524135355,0.2281351475864648,⚠️ FLOOD RISK
3.803,3.6358909458518034,0.16710905414819655,⚠️ FLOOD RISK
3.579,3.604275946363807,0.025275946363807034,⚠️ FLOOD RISK
3.3075,3.209962017796934,0.09753798220306598,✅ Safe
3.036,2.902593245945871,0.13340675405412883,✅ Safe
3.074,2.6428254222348335,0.4311745777651663,✅ Safe
2.882,2.55571758158505,0.3262824184149502,✅ Safe
2.235,2.24538446469605,0.010384464696050255,✅ Safe
2.249,2.150283517241478,0.09871648275852207,✅ Safe
1.934,2.068041754424572,0.13404175442457222,✅ Safe
2.07,2.0584118723720315,0.011588127627968348,✅ Safe
2.066,1.9258105559125545,0.14018944408744538,✅ Safe
1.785,1.790437452312559,0.005437452312559099,✅ Safe
1.475,1.6512086202465,0.17620862024649986,✅ Safe
1.556,1.6586214037835598,0.10262140378355977,✅ Safe
1.7229999999999999,1.8671713438779118,0.14417134387791197,✅ Safe
1.755,1.8729324483051897,0.11793244830518979,✅ Safe
1.6869999999999998,1.858924010306597,0.1719240103065971,✅ Safe
2.088,2.0951201507896187,0.0071201507896185845,✅ Safe
2.137,2.0949607125855985,0.04203928741440155,✅ Safe
2.089,2.1400462862513963,0.05104628625139629,✅ Safe
2.124,2.0775455166846517,0.046454483315348405,✅ Safe
1.885,2.0809956613853577,0.19599566138535773,✅ Safe
1.977,1.9746964156776667,0.002303584322333352,✅ Safe
1.951,1.9664681590497495,0.015468159049749408,✅ Safe
1.94,1.8679827763661745,0.07201722363382546,✅ Safe
1.812,1.8658358916006983,0.05383589160069824,✅ Safe
1.7675,1.8267867794930936,0.05928677949309358,✅ Safe
1.7229999999999999,1.906526018276811,0.18352601827681103,✅ Safe
2.088,2.186669607281685,0.09866960728168506,✅ Safe
2.22,2.1732991208173336,0.04670087918266663,✅ Safe
2.753,2.7963281797617676,0.043328179761767505,✅ Safe
3.8965,2.8271443322449925,1.0693556677550076,✅ Safe
5.04,5.193378972396255,0.1533789723962551,⚠️ FLOOD RISK
5.525999999999999,5.641174979299308,0.11517497929930887,⚠️ FLOOD RISK
6.38,6.472239232063295,0.09223923206329498,⚠️ FLOOD RISK
6.562,6.527270914614202,0.03472908538579844,⚠️ FLOOD RISK
6.787,6.858862105429173,0.07186210542917326,⚠️ FLOOD RISK
6.1579999999999995,6.407969539672138,0.2499695396721382,⚠️ FLOOD RISK
5.949000000000001,5.503008097082377,0.4459919029176236,⚠️ FLOOD RISK
5.737,6.401294199228288,0.664294199228288,⚠️ FLOOD RISK
6.571,6.567327196598054,0.0036728034019457567,⚠️ FLOOD RISK
6.039,6.191413907289506,0.15241390728950588,⚠️ FLOOD RISK
5.775,5.6626847628951085,0.11231523710489189,⚠️ FLOOD RISK
6.059999999999999,6.582914119184018,0.5229141191840192,⚠️ FLOOD RISK
7.177,7.234161753058435,0.05716175305843496,⚠️ FLOOD RISK
8.098,7.556036420702935,0.5419635792970654,⚠️ FLOOD RISK
7.1705000000000005,6.957977424681188,0.2125225753188129,⚠️ FLOOD RISK
6.243,6.342497999846937,0.0994979998469363,⚠️ FLOOD RISK
6.808,6.951326990246774,0.14332699024677442,⚠️ FLOOD RISK
7.063,6.604979783713818,0.4580202162861813,⚠️ FLOOD RISK
6.719,6.631443743526937,0.08755625647306342,⚠️ FLOOD RISK
5.88,5.949799120008946,0.0697991200089465,⚠️ FLOOD RISK
4.72,4.943299586355687,0.22329958635568747,⚠️ FLOOD RISK
4.891,4.8953412104845055,0.004341210484505531,⚠️ FLOOD RISK
4.579,4.250642797261477,0.3283572027385224,⚠️ FLOOD RISK
6.298,6.923553080320359,0.6255530803203593,⚠️ FLOOD RISK
6.069,6.269743836879731,0.20074383687973096,⚠️ FLOOD RISK
5.619000000000001,5.919453002214433,0.3004530022144323,⚠️ FLOOD RISK
5.781,5.815734840452672,0.03473484045267217,⚠️ FLOOD RISK
6.84,6.781272997140886,0.05872700285911403,⚠️ FLOOD RISK
7.341,7.564776840269567,0.2237768402695668,⚠️ FLOOD RISK
7.216,6.435853142023087,0.7801468579769129,⚠️ FLOOD RISK
4.716,5.5911027721166615,0.8751027721166613,⚠️ FLOOD RISK
4.449,4.78370823687315,0.33470823687315043,⚠️ FLOOD RISK
5.539999999999999,5.58939856517315,0.049398565173151,⚠️ FLOOD RISK
5.799999999999999,5.257113450542093,0.542886549457906,⚠️ FLOOD RISK
5.064,4.61221764394641,0.45178235605358985,⚠️ FLOOD RISK
3.51,3.902560383751989,0.3925603837519893,⚠️ FLOOD RISK
4.043,3.9137373529225594,0.12926264707744073,⚠️ FLOOD RISK
3.4,3.359069659531117,0.040930340468882775,✅ Safe
4.166,3.884266389906407,0.28173361009359343,⚠️ FLOOD RISK
4.36,4.8709979708790785,0.5109979708790782,⚠️ FLOOD RISK
5.707,6.028675921976567,0.321675921976567,⚠️ FLOOD RISK
5.829,5.979826228916646,0.150826228916646,⚠️ FLOOD RISK
8.307,8.343639687001707,0.03663968700170628,⚠️ FLOOD RISK
10.194,10.411410778462887,0.21741077846288626,⚠️ FLOOD RISK
10.168,9.79397596693039,0.37402403306960963,⚠️ FLOOD RISK
12.416,12.142413408637047,0.27358659136295316,⚠️ FLOOD RISK
12.982999999999999,13.305105416357518,0.32210541635751966,⚠️ FLOOD RISK
14.963999999999997,15.258351257622243,0.294351257622246,⚠️ FLOOD RISK
15.163999999999998,14.079490480542184,1.0845095194578143,⚠️ FLOOD RISK
14.072999999999999,13.741115316689015,0.3318846833109834,⚠️ FLOOD RISK
12.018999999999998,12.517522286832333,0.4985222868323351,⚠️ FLOOD RISK
14.184,13.02096176326275,1.1630382367372487,⚠️ FLOOD RISK
11.451,11.388072912812234,0.06292708718776652,⚠️ FLOOD RISK
10.171999999999999,9.463313187360765,0.7086868126392343,⚠️ FLOOD RISK
7.185,7.532926823437215,0.3479268234372155,⚠️ FLOOD RISK
8.051,7.751909996867181,0.29909000313281897,⚠️ FLOOD RISK
6.375,6.973698945701123,0.5986989457011234,⚠️ FLOOD RISK
6.422,6.191461599648,0.23053840035199968,⚠️ FLOOD RISK
6.111,6.8436853371262565,0.7326853371262567,⚠️ FLOOD RISK
5.985,6.175639924675227,0.19063992467522706,⚠️ FLOOD RISK
6.024,5.906966082930566,0.11703391706943389,⚠️ FLOOD RISK
6.65,6.140998845040799,0.5090011549592015,⚠️ FLOOD RISK
4.996,5.62077483791113,0.6247748379111293,⚠️ FLOOD RISK
4.891,4.993010656401515,0.1020106564015153,⚠️ FLOOD RISK
6.042,5.727926849484445,0.3140731505155552,⚠️ FLOOD RISK
5.217,5.852535324096681,0.635535324096681,⚠️ FLOOD RISK
5.166,4.966678910404444,0.19932108959555617,⚠️ FLOOD RISK
5.476,5.536542978957296,0.060542978957296434,⚠️ FLOOD RISK
5.826,6.437983400702477,0.6119834007024778,⚠️ FLOOD RISK
6.271,6.438707264721395,0.16770726472139508,⚠️ FLOOD RISK
6.529,6.039145984411241,0.48985401558875896,⚠️ FLOOD RISK
5.514,5.648079243063927,0.13407924306392704,⚠️ FLOOD RISK
5.263,5.7384382452964795,0.4754382452964796,⚠️ FLOOD RISK
5.27,4.769605341508985,0.5003946584910146,⚠️ FLOOD RISK
4.338,3.940857347622514,0.3971426523774859,⚠️ FLOOD RISK
3.97,4.342821527928114,0.3728215279281142,⚠️ FLOOD RISK
3.947,4.1287657700032,0.18176577000320027,⚠️ FLOOD RISK
4.711,4.668224105313421,0.04277589468657972,⚠️ FLOOD RISK
6.379,6.467248491704465,0.08824849170446569,⚠️ FLOOD RISK
5.571,6.191407548308374,0.620407548308374,⚠️ FLOOD RISK
6.685,6.614650204271079,0.0703497957289203,⚠️ FLOOD RISK
7.357,7.129457949221135,0.22754205077886525,⚠️ FLOOD RISK
7.792,8.273576432883742,0.48157643288374175,⚠️ FLOOD RISK
7.868,7.624447399556638,0.2435526004433619,⚠️ FLOOD RISK
7.376,7.1057739239931115,0.27022607600688886,⚠️ FLOOD RISK
6.607,7.298712830364705,0.6917128303647049,⚠️ FLOOD RISK
6.824,6.661231330811979,0.16276866918802124,⚠️ FLOOD RISK
7.25,7.155276472449303,0.09472352755069657,⚠️ FLOOD RISK
6.711000000000001,6.434117140173913,0.2768828598260882,⚠️ FLOOD RISK
5.103,5.763487861722709,0.660487861722709,⚠️ FLOOD RISK
5.265,5.143106457307936,0.12189354269206376,⚠️ FLOOD RISK
4.353,4.309600090831519,0.04339990916848091,⚠️ FLOOD RISK
3.7714999999999996,3.5862564485371116,0.18524355146288807,⚠️ FLOOD RISK
3.19,2.998240933299065,0.1917590667009348,✅ Safe
2.08,2.277278067044914,0.1972780670449139,✅ Safe
2.145,2.0725510669201617,0.07244893307983835,✅ Safe
2.189,2.1354783518984917,0.05352164810150839,✅ Safe
2.144,2.1013899074681106,0.04261009253188952,✅ Safe
2.163,2.0163329044729474,0.14666709552705237,✅ Safe
1.975,1.963501959308982,0.011498040691018119,✅ Safe
1.6659999999999997,1.8271616944223643,0.1611616944223646,✅ Safe
1.738,1.6975017379336061,0.04049826206639384,✅ Safe
1.741,1.7338129774667324,0.007187022533267751,✅ Safe
1.74,1.6717383921146394,0.06826160788536062,✅ Safe
1.657,1.7339942746683956,0.07699427466839559,✅ Safe
1.967,1.900692779157311,0.06630722084268914,✅ Safe
1.879,1.9031104505360128,0.024110450536012795,✅ Safe
1.774,1.907446215838194,0.13344621583819394,✅ Safe
1.779,2.0055362156219783,0.22653621562197834,✅ Safe
2.128,2.0941988933980467,0.03380110660195346,✅ Safe
2.236,2.2741526278182866,0.03815262781828643,✅ Safe
2.288,2.2678555142730477,0.020144485726952155,✅ Safe
2.092,2.16968059559539,0.07768059559538987,✅ Safe
2.078,2.117804689910263,0.03980468991026331,✅ Safe
2.333,2.1796480998024346,0.15335190019756562,✅ Safe
2.127,2.0561360195204617,0.07086398047953812,✅ Safe
2.129,2.063794749900699,0.065205250099301,✅ Safe
1.975,1.9786324262805286,0.0036324262805285112,✅ Safe
1.826,1.9210746384747328,0.09507463847473274,✅ Safe
2.085,2.2874062017649415,0.2024062017649415,✅ Safe
2.344,2.393775263786316,0.04977526378631625,✅ Safe
2.222,2.312305852219463,0.09030585221946286,✅ Safe
2.4749999999999996,2.4069738590419294,0.06802614095807025,✅ Safe
2.275,2.3886116386279466,0.11361163862794665,✅ Safe
2.553,2.430616153456271,0.12238384654372902,✅ Safe
2.514,2.253299938939512,0.2607000610604877,✅ Safe
1.923,2.193742847722024,0.27074284772202395,✅ Safe
1.918,2.136350857101381,0.21835085710138125,✅ Safe
1.974,2.177684366941452,0.2036843669414521,✅ Safe
2.206,2.18449602804333,0.021503971956669865,✅ Safe
2.435,2.2162384721115234,0.2187615278884767,✅ Safe
2.081,2.2416379649788145,0.16063796497881455,✅ Safe
2.379,2.382443691886962,0.0034436918869618083,✅ Safe
2.376,2.294366901487112,0.08163309851288769,✅ Safe
2.7260000000000004,2.656626530952752,0.06937346904724828,✅ Safe
2.7769999999999997,2.6984912806749346,0.07850871932506509,✅ Safe
2.766,2.5164884970635177,0.24951150293648228,✅ Safe
2.4380000000000006,2.3701668839380146,0.06783311606198605,✅ Safe
2.194,2.2867745429724455,0.09277454297244558,✅ Safe
1.86,2.089118398670107,0.22911839867010708,✅ Safe
2.4380000000000006,2.004977353915572,0.4330226460844284,✅ Safe
1.798,1.758238155193627,0.039761844806373015,✅ Safe
1.5000000000000002,1.71341727411747,0.2134172741174698,✅ Safe
1.711,1.7856180070079866,0.07461800700798649,✅ Safe
1.728,1.8222451421767474,0.0942451421767474,✅ Safe
1.78,1.817536250408739,0.03753625040873887,✅ Safe
1.675,1.8114155985899272,0.13641559858992713,✅ Safe
1.693,1.8960060113444925,0.20300601134449248,✅ Safe
1.883,1.8773300811946394,0.0056699188053606075,✅ Safe
1.887,1.7944753390923145,0.09252466090768552,✅ Safe
1.769,1.8280304902195932,0.05903049021959328,✅ Safe
1.952,1.9610394438654186,0.009039443865418662,✅ Safe
1.9029999999999998,2.0022865775451066,0.09928657754510684,✅ Safe
1.84,1.9608790120705963,0.12087901207059626,✅ Safe
1.797,2.1123390793874863,0.3153390793874864,✅ Safe
1.908,2.026666778728366,0.11866677872836595,✅ Safe
1.955,1.941662237327546,0.013337762672454012,✅ Safe
2.034,2.06147524529323,0.02747524529323009,✅ Safe
1.918,2.052112639166415,0.13411263916641514,✅ Safe
2.052,1.99138602533564,0.06061397466436014,✅ Safe
2.092,2.003067407436669,0.08893259256333108,✅ Safe
1.9170000000000003,1.9273654592782261,0.010365459278225853,✅ Safe
2.0525,2.1744123399518434,0.12191233995184314,✅ Safe
2.188,2.172656400047243,0.015343599952757359,✅ Safe
2.212,2.140592032559216,0.07140796744078415,✅ Safe
2.329,2.3710999319404364,0.042099931940436264,✅ Safe
2.237,2.273755853891373,0.036755853891373036,✅ Safe
2.143,2.1892646014988424,0.046264601498842595,✅ Safe
2.444,2.3068429575115443,0.13715704248845562,✅ Safe
2.195,2.1526898616850376,0.04231013831496222,✅ Safe
2.182,2.191699627596885,0.00969962759688503,✅ Safe
2.2729999999999997,2.09866448789835,0.17433551210164966,✅ Safe
1.9100000000000001,2.0060509618967775,0.09605096189677731,✅ Safe
1.775,1.9227726851552727,0.14777268515527275,✅ Safe
1.775,1.849284987218678,0.07428498721867816,✅ Safe
1.799,1.9437563955411317,0.14475639554113173,✅ Safe
1.923,2.00426620785892,0.08126620785892014,✅ Safe
1.943,2.0251502942070365,0.08215029420703646,✅ Safe
2.048,1.9339768124744299,0.11402318752557017,✅ Safe
1.95,2.003233403339982,0.053233403339982166,✅ Safe
2.077,2.144704769846052,0.06770476984605223,✅ Safe
2.3449999999999998,2.056369049683213,0.28863095031678654,✅ Safe
2.417,2.438700273178518,0.02170027317851808,✅ Safe
2.708,2.6964826375097037,0.011517362490296446,✅ Safe
2.781,2.5705840846002106,0.21041591539978954,✅ Safe
2.879,2.6393789869397883,0.23962101306021166,✅ Safe
2.693,2.5873919315636162,0.10560806843638382,✅ Safe
2.88,2.7048103856965904,0.1751896143034095,✅ Safe
2.932,2.531324397481978,0.4006756025180218,✅ Safe
2.28,2.2921070785671476,0.012107078567147767,✅ Safe
1.803,2.172292878292501,0.3692928782925011,✅ Safe
1.947,2.002042750362307,0.05504275036230677,✅ Safe
2.086,2.009931861329824,0.07606813867017603,✅ Safe
2.169,2.093789798945189,0.07521020105481124,✅ Safe
2.164,2.132733656667173,0.03126634333282707,✅ Safe
2.138,2.089537296552211,0.04846270344778869,✅ Safe
1.889,2.0067023600265386,0.11770236002653856,✅ Safe
1.995,2.0582454127930108,0.06324541279301066,✅ Safe
2.193,2.076552786994726,0.11644721300527427,✅ Safe
2.179,2.156494917020202,0.02250508297979792,✅ Safe
2.413,2.3822754438444975,0.03072455615550229,✅ Safe
2.606,2.499593611545861,0.10640638845413886,✅ Safe
2.62,2.524129210330546,0.09587078966945395,✅ Safe
3.005,2.7255623907074336,0.27943760929256634,✅ Safe
3.045,2.8714567597880962,0.1735432402119037,✅ Safe
2.983,2.9087552311420444,0.07424476885795572,✅ Safe
3.0299999999999994,2.8852725736498837,0.1447274263501157,✅ Safe
4.428,4.689072289913893,0.2610722899138933,⚠️ FLOOD RISK
5.172,5.247115807414056,0.07511580741405588,⚠️ FLOOD RISK
5.717,5.772757666468621,0.05575766646862146,⚠️ FLOOD RISK
6.107000000000001,6.354805807828904,0.24780580782890294,⚠️ FLOOD RISK
7.098,7.204534200131894,0.10653420013189407,⚠️ FLOOD RISK
7.208000000000001,7.241202205002309,0.03320220500230775,⚠️ FLOOD RISK
10.208999999999998,10.00036941754818,0.20863058245181776,⚠️ FLOOD RISK
10.422999999999998,10.842666280567647,0.41966628056764854,⚠️ FLOOD RISK
11.139999999999999,11.043547554373742,0.09645244562625699,⚠️ FLOOD RISK
10.691,10.439812107861043,0.2511878921389581,⚠️ FLOOD RISK
10.231999999999998,9.825359658479691,0.4066403415203066,⚠️ FLOOD RISK
9.645,9.484411226928234,0.16058877307176544,⚠️ FLOOD RISK
9.421,8.597195581018926,0.8238044189810729,⚠️ FLOOD RISK
6.528,6.945685514152051,0.41768551415205124,⚠️ FLOOD RISK
5.083,5.059887001141907,0.02311299885809337,⚠️ FLOOD RISK
4.035,4.210115155801177,0.1751151558011772,⚠️ FLOOD RISK
4.084,4.088396838113666,0.004396838113666313,⚠️ FLOOD RISK
4.029,4.042527387544514,0.013527387544513658,⚠️ FLOOD RISK
3.897,4.178007335275412,0.2810073352754121,⚠️ FLOOD RISK
4.276,4.04652904137969,0.22947095862030942,⚠️ FLOOD RISK
3.414,3.5096392045319087,0.09563920453190855,⚠️ FLOOD RISK
3.4020000000000006,3.195225476458669,0.2067745235413314,✅ Safe
3.687,3.5677420100122696,0.11925798998773018,⚠️ FLOOD RISK
3.208,3.217412756502629,0.009412756502628739,✅ Safe
4.584,4.761334426715971,0.1773344267159711,⚠️ FLOOD RISK
6.073,6.539379474520684,0.46637947452068396,⚠️ FLOOD RISK
5.999,6.1495442558527005,0.15054425585270081,⚠️ FLOOD RISK
6.295,5.939235792517663,0.35576420748233684,⚠️ FLOOD RISK
6.460000000000001,6.38481913894415,0.07518086105585109,⚠️ FLOOD RISK
6.371,6.772406457781793,0.4014064577817926,⚠️ FLOOD RISK
7.219,6.72177148076892,0.49722851923108013,⚠️ FLOOD RISK
5.644,5.34472643275559,0.29927356724441,⚠️ FLOOD RISK
4.238,4.54575675264001,0.30775675264000935,⚠️ FLOOD RISK
4.027,4.105122283279896,0.07812228327989601,⚠️ FLOOD RISK
4.58,4.26228397205472,0.31771602794527976,⚠️ FLOOD RISK
4.6899999999999995,4.447067485123873,0.24293251487612633,⚠️ FLOOD RISK
4.646,4.7084791054576645,0.06247910545766455,⚠️ FLOOD RISK
5.376,5.794207039743663,0.41820703974366236,⚠️ FLOOD RISK
5.559,5.3697681004554045,0.18923189954459563,⚠️ FLOOD RISK
5.868,5.86227834302187,0.005721656978129985,⚠️ FLOOD RISK
7.432,7.325224482536317,0.1067755174636833,⚠️ FLOOD RISK
6.996,7.147690207958223,0.15169020795822252,⚠️ FLOOD RISK
6.699,6.738484472930432,0.039484472930432446,⚠️ FLOOD RISK
6.869,6.7393503541946425,0.12964964580535732,⚠️ FLOOD RISK
6.460000000000001,7.213183474302293,0.7531834743022925,⚠️ FLOOD RISK
6.817,6.436449826419355,0.38055017358064536,⚠️ FLOOD RISK
6.08,6.440423129796983,0.3604231297969829,⚠️ FLOOD RISK
5.343,5.677964334726335,0.3349643347263349,⚠️ FLOOD RISK
5.335,5.393349322155119,0.05834932215511923,⚠️ FLOOD RISK
5.86,5.6519518625736245,0.20804813742637585,⚠️ FLOOD RISK
5.223,4.893197174012662,0.329802825987338,⚠️ FLOOD RISK
4.234,4.3851405473649505,0.15114054736495053,⚠️ FLOOD RISK
4.566,4.426260368943215,0.1397396310567851,⚠️ FLOOD RISK
4.138,4.172744218558074,0.03474421855807375,⚠️ FLOOD RISK
5.833000000000001,5.926164906799794,0.09316490679979328,⚠️ FLOOD RISK
5.999,5.894980993241073,0.10401900675892684,⚠️ FLOOD RISK
5.215000000000001,5.417325330600144,0.2023253306001429,⚠️ FLOOD RISK
5.086,5.089220981106163,0.003220981106162313,⚠️ FLOOD RISK
5.188,5.104007201984525,0.08399279801547443,⚠️ FLOOD RISK
4.703,4.827501215144992,0.12450121514499202,⚠️ FLOOD RISK
4.724,4.337067179918289,0.3869328200817108,⚠️ FLOOD RISK
4.745,5.546408673226834,0.8014086732268337,⚠️ FLOOD RISK
4.53,4.914790154278279,0.3847901542782788,⚠️ FLOOD RISK
4.791,4.927804604038597,0.13680460403859662,⚠️ FLOOD RISK
5.912,5.857652714163065,0.05434728583693449,⚠️ FLOOD RISK
5.978,6.198481914818288,0.22048191481828816,⚠️ FLOOD RISK
5.923,5.906597262024881,0.016402737975119486,⚠️ FLOOD RISK
5.724,5.251739316612483,0.4722606833875176,⚠️ FLOOD RISK
4.409,4.92422688227892,0.5152268822789203,⚠️ FLOOD RISK
4.588,4.614361150503159,0.026361150503158903,⚠️ FLOOD RISK
4.399,3.966288502916694,0.4327114970833059,⚠️ FLOOD RISK
3.502,3.6626500683724883,0.16065006837248852,⚠️ FLOOD RISK
3.014,3.603598449915648,0.5895984499156484,⚠️ FLOOD RISK
3.5619999999999994,3.754872781991959,0.19287278199195956,⚠️ FLOOD RISK
3.661,3.234561338871718,0.426438661128282,✅ Safe
4.78,4.7383697612285625,0.04163023877143779,⚠️ FLOOD RISK
4.163,4.1883984403610235,0.025398440361023233,⚠️ FLOOD RISK
4.712999999999999,4.5370703844130045,0.17592961558699471,⚠️ FLOOD RISK
5.533,5.610593049287797,0.07759304928779631,⚠️ FLOOD RISK
6.29,6.370465858697893,0.08046585869789258,⚠️ FLOOD RISK
5.98,5.906702185213566,0.07329781478643405,⚠️ FLOOD RISK
6.226,5.685661881387235,0.5403381186127652,⚠️ FLOOD RISK
4.648000000000001,5.221514284417034,0.5735142844170333,⚠️ FLOOD RISK
4.926,4.8636096296757465,0.06239037032425365,⚠️ FLOOD RISK
4.802,4.3382245144844065,0.4637754855155931,⚠️ FLOOD RISK
3.667,3.555055312737823,0.11194468726217677,⚠️ FLOOD RISK
2.707,2.909521223410964,0.20252122341096435,✅ Safe
2.676,2.5150822348818185,0.16091776511818168,✅ Safe
2.242,2.1755357599519196,0.06646424004808038,✅ Safe
2.257,2.068451908707619,0.18854809129238115,✅ Safe
2.079,2.1480103139653806,0.06901031396538038,✅ Safe
1.846,2.007962763078511,0.16196276307851099,✅ Safe
1.807,1.925106364991516,0.11810636499151617,✅ Safe
2.112,1.9907266122400762,0.12127338775992391,✅ Safe
1.943,2.031216364771128,0.08821636477112804,✅ Safe
2.209,2.0781439233049754,0.13085607669502464,✅ Safe
2.125,2.032812866471708,0.092187133528292,✅ Safe
2.327,2.10300131303072,0.22399868696928005,✅ Safe
2.335,2.229915183261037,0.10508481673896286,✅ Safe
2.052,2.139572939593345,0.08757293959334511,✅ Safe
2.385,2.2345953933745624,0.15040460662543742,✅ Safe
2.146,2.196369239408523,0.050369239408523114,✅ Safe
2.059,2.1105688980147246,0.05156889801472442,✅ Safe
2.086,2.07826832087338,0.007731679126619984,✅ Safe
1.967,1.9355978227481248,0.03140217725187533,✅ Safe
1.883,1.9983532827571036,0.11535328275710355,✅ Safe
1.81,1.895953351031989,0.08595335103198898,✅ Safe
2.452,2.4904137598872187,0.038413759887218735,✅ Safe
2.4890000000000003,2.3871465558707716,0.1018534441292287,✅ Safe
2.239,2.382904453061521,0.14390445306152122,✅ Safe
2.348,2.497160373911262,0.14916037391126213,✅ Safe
2.984,2.6685031205266716,0.3154968794733284,✅ Safe
2.987,2.7213258520066743,0.2656741479933258,✅ Safe
3.124,2.6438451113551857,0.48015488864481437,✅ Safe
2.416,2.614072229214013,0.1980722292140129,✅ Safe
2.601,2.5270845468118788,0.0739154531881212,✅ Safe
2.657,2.407969039589167,0.24903096041083295,✅ Safe
2.983,2.497390357062221,0.4856096429377792,✅ Safe
2.624,2.291137731380761,0.3328622686192393,✅ Safe
2.182,2.227822548553348,0.045822548553347886,✅ Safe
2.026,2.088807272270322,0.06280727227032212,✅ Safe
1.851,2.1161268462426963,0.26512684624269633,✅ Safe
1.853,2.0111022450551395,0.15810224505513948,✅ Safe
2.427,2.3222864055857064,0.10471359441429362,✅ Safe
2.114,2.172744498431683,0.058744498431682945,✅ Safe
2.316,2.0617984272614125,0.25420157273858734,✅ Safe
2.044,2.192702425673604,0.14870242567360403,✅ Safe
2.199,2.162787128850818,0.036212871149182035,✅ Safe
1.872,2.0783562205396593,0.20635622053965919,✅ Safe
2.155,1.97047305861488,0.18452694138511982,✅ Safe
2.103,2.3514243169650437,0.24842431696504352,✅ Safe
2.441,2.2857074264511468,0.15529257354885306,✅ Safe
2.3010000000000006,2.174587609369308,0.12641239063069243,✅ Safe
2.011,2.1965228485465054,0.18552284854650525,✅ Safe
2.047,2.276838237516582,0.22983823751658194,✅ Safe
2.22,2.228648553706706,0.008648553706705808,✅ Safe
2.298,2.0236807071715597,0.27431929282844036,✅ Safe
1.865,1.9781428509727121,0.11314285097271215,✅ Safe
1.747,1.9111724463030697,0.1641724463030696,✅ Safe
1.889,1.828271932784468,0.06072806721553192,✅ Safe
1.844,1.9522139066867532,0.10821390668675313,✅ Safe
1.746,2.1028210094198587,0.3568210094198587,✅ Safe
2.371,2.3394382999241357,0.03156170007586434,✅ Safe
3.177,2.818918062798679,0.35808193720132087,✅ Safe
3.217,2.9020398821085696,0.3149601178914305,✅ Safe
2.959,2.9181116770058875,0.0408883229941126,✅ Safe
3.066,2.885331526704133,0.18066847329586677,✅ Safe
3.121,2.87291773570329,0.24808226429671,✅ Safe
3.194,2.976866675488651,0.21713332451134892,✅ Safe
2.963,2.6238356498703364,0.3391643501296637,✅ Safe
2.176,2.3126373141109946,0.13663731411099445,✅ Safe
1.925,2.1326667548865084,0.20766675488650832,✅ Safe
1.916,2.0652742728441957,0.1492742728441958,✅ Safe
2.308,2.111238445736468,0.19676155426353192,✅ Safe
2.458,2.340628886662424,0.1173711133375761,✅ Safe
2.608,2.4807653308063746,0.12723466919362547,✅ Safe
4.9025,6.487532581686975,1.585032581686975,⚠️ FLOOD RISK
7.197,7.232666332662107,0.035666332662106726,⚠️ FLOOD RISK
7.198,6.941089030623437,0.25691096937656344,⚠️ FLOOD RISK
7.151999999999999,6.8665448144674315,0.28545518553256777,⚠️ FLOOD RISK
7.67,7.762351443886758,0.09235144388675831,⚠️ FLOOD RISK
8.243,8.104248423457147,0.13875157654285353,⚠️ FLOOD RISK
7.617,6.5325531082749375,1.0844468917250625,⚠️ FLOOD RISK
7.718999999999999,8.853716879904272,1.134716879904273,⚠️ FLOOD RISK
8.988,9.57227962821722,0.5842796282172209,⚠️ FLOOD RISK
9.394,9.300830621123314,0.09316937887668608,⚠️ FLOOD RISK
10.764999999999999,10.035320497512817,0.7296795024871816,⚠️ FLOOD RISK
11.3155,9.879064433634282,1.4364355663657182,⚠️ FLOOD RISK
11.865999999999998,12.024822069704534,0.15882206970453616,⚠️ FLOOD RISK
14.110999999999999,12.87390820491314,1.237091795086858,⚠️ FLOOD RISK
10.839000000000002,10.847136644303799,0.008136644303796459,⚠️ FLOOD RISK
9.249,9.529151958346368,0.28015195834636764,⚠️ FLOOD RISK
9.096,8.942886752665043,0.15311324733495724,⚠️ FLOOD RISK
8.866,9.252388962686062,0.3863889626860626,⚠️ FLOOD RISK
9.375,8.520379088938238,0.8546209110617617,⚠️ FLOOD RISK
6.429,6.477949597120286,0.048949597120286015,⚠️ FLOOD RISK
5.877,6.460603356420995,0.583603356420995,⚠️ FLOOD RISK
5.461,5.451018392130734,0.009981607869266718,⚠️ FLOOD RISK
5.3309999999999995,5.288629620864988,0.042370379135011405,⚠️ FLOOD RISK
7.767,7.634538042783738,0.13246195721626197,⚠️ FLOOD RISK
7.766,8.217269774615765,0.45126977461576523,⚠️ FLOOD RISK
7.91,7.6202133779525765,0.28978662204742367,⚠️ FLOOD RISK
8.582,7.810450777173044,0.7715492228269571,⚠️ FLOOD RISK
7.014,7.508315446794034,0.49431544679403405,⚠️ FLOOD RISK
7.205,7.2228798606991775,0.017879860699177463,⚠️ FLOOD RISK
7.102,6.327262940883638,0.7747370591163625,⚠️ FLOOD RISK
4.596,5.0220070804506545,0.4260070804506544,⚠️ FLOOD RISK
3.855,4.102829075708986,0.2478290757089856,⚠️ FLOOD RISK
5.446999999999999,5.392282073155046,0.05471792684495291,⚠️ FLOOD RISK
5.816,6.004428067088128,0.18842806708812798,⚠️ FLOOD RISK
6.621,6.728491334080697,0.10749133408069689,⚠️ FLOOD RISK
8.17,8.199437071859839,0.02943707185983868,⚠️ FLOOD RISK
10.146999999999998,10.055567493438721,0.09143250656127755,⚠️ FLOOD RISK
10.291000000000002,9.968909418225289,0.32209058177471306,⚠️ FLOOD RISK
10.176999999999998,9.388917347431184,0.7880826525688143,⚠️ FLOOD RISK
8.987,9.093273476958275,0.10627347695827538,⚠️ FLOOD RISK
7.699,7.918553456425668,0.21955345642566826,⚠️ FLOOD RISK
6.514,6.416369223833085,0.09763077616691529,⚠️ FLOOD RISK
4.812,4.676869405120612,0.1351305948793886,⚠️ FLOOD RISK
7.39,8.425711876988412,1.0357118769884126,⚠️ FLOOD RISK
7.696,8.027178631961347,0.3311786319613468,⚠️ FLOOD RISK
7.581,7.393539016842843,0.1874609831571572,⚠️ FLOOD RISK
9.487,9.597080714464187,0.11008071446418732,⚠️ FLOOD RISK
12.026,12.231551486492158,0.20555148649215838,⚠️ FLOOD RISK
13.288,12.78787754917145,0.5001224508285507,⚠️ FLOOD RISK
14.222,12.505696701586247,1.7163032984137523,⚠️ FLOOD RISK
9.964,10.894642472684383,0.9306424726843829,⚠️ FLOOD RISK
11.159,11.276658264219762,0.11765826421976122,⚠️ FLOOD RISK
11.616,10.462979995787144,1.1530200042128556,⚠️ FLOOD RISK
9.874,9.35650880008936,0.5174911999106406,⚠️ FLOOD RISK
7.322,7.695962621033193,0.37396262103319255,⚠️ FLOOD RISK
7.0600000000000005,7.865216442346574,0.8052164423465733,⚠️ FLOOD RISK
6.798,6.908184482753278,0.11018448275327763,⚠️ FLOOD RISK
8.7985,10.182888073503971,1.3843880735039704,⚠️ FLOOD RISK
10.799,11.35167622447014,0.5526762244701402,⚠️ FLOOD RISK
12.096999999999998,12.075100413858891,0.021899586141106653,⚠️ FLOOD RISK
11.432999999999998,11.379844391226769,0.053155608773229446,⚠️ FLOOD RISK
13.381999999999998,12.517349534511567,0.864650465488431,⚠️ FLOOD RISK
11.672999999999998,11.773970862329007,0.10097086232900843,⚠️ FLOOD RISK
12.408999999999999,10.757866087675096,1.6511339123249034,⚠️ FLOOD RISK
10.048,10.238712509036064,0.1907125090360644,⚠️ FLOOD RISK
8.172,7.913325314104559,0.25867468589544185,⚠️ FLOOD RISK
6.605,6.604270757317544,0.0007292426824561105,⚠️ FLOOD RISK
7.0360000000000005,6.664929078340531,0.3710709216594692,⚠️ FLOOD RISK
5.381,6.361540498763324,0.9805404987633235,⚠️ FLOOD RISK
5.906999999999999,5.973327350199224,0.06632735019922453,⚠️ FLOOD RISK
5.568,5.172151103630663,0.39584889636933696,⚠️ FLOOD RISK
3.736,4.103127947822213,0.36712794782221314,⚠️ FLOOD RISK
3.554,3.470605658680201,0.08339434131979884,✅ Safe
3.826,3.7008487329930073,0.12515126700699275,⚠️ FLOOD RISK
4.608,5.135406790986658,0.5274067909866584,⚠️ FLOOD RISK
4.78,4.6930413539707665,0.08695864602923375,⚠️ FLOOD RISK
4.159,4.080920266047121,0.0780797339528787,⚠️ FLOOD RISK
4.435,4.544039562776685,0.1090395627766858,⚠️ FLOOD RISK
5.603,7.113624086201192,1.510624086201192,⚠️ FLOOD RISK
6.770999999999999,6.631110426932574,0.13988957306742478,⚠️ FLOOD RISK
7.939,7.5130942211151135,0.42590577888488657,⚠️ FLOOD RISK
6.841000000000001,7.4797265274524705,0.6387265274524694,⚠️ FLOOD RISK
8.776,9.19370404547453,0.41770404547452955,⚠️ FLOOD RISK
10.012999999999998,9.413408963263036,0.5995910367369621,⚠️ FLOOD RISK
9.809,9.063738129258157,0.7452618707418424,⚠️ FLOOD RISK
7.395,8.05844150286913,0.6634415028691301,⚠️ FLOOD RISK
7.857,7.557168319344521,0.2998316806554788,⚠️ FLOOD RISK
7.306,7.432273690581323,0.1262736905813231,⚠️ FLOOD RISK
8.665,8.175649183273316,0.4893508167266827,⚠️ FLOOD RISK
8.305,8.781229794144632,0.47622979414463273,⚠️ FLOOD RISK
7.808,7.882307263970376,0.07430726397037635,⚠️ FLOOD RISK
7.183,7.318220064818861,0.13522006481886084,⚠️ FLOOD RISK
7.347,7.308123062610627,0.03887693738937337,⚠️ FLOOD RISK
7.11,7.316103583931924,0.20610358393192385,⚠️ FLOOD RISK
6.333,6.345266806215049,0.012266806215048831,⚠️ FLOOD RISK
4.45,4.222896707877517,0.22710329212248315,⚠️ FLOOD RISK
2.137,2.703632516920567,0.566632516920567,✅ Safe
2.199,2.0237570811845362,0.1752429188154636,✅ Safe
2.117,2.0183830797336997,0.09861692026630031,✅ Safe
1.937,1.8693559188544753,0.06764408114552478,✅ Safe
1.488,1.7035149494670332,0.2155149494670332,✅ Safe
1.745,1.7406845852136614,0.004315414786338678,✅ Safe
1.892,1.6703170273527503,0.22168297264724957,✅ Safe
1.769,1.663568558625877,0.10543144137412286,✅ Safe
1.895,1.7962799649462105,0.09872003505378957,✅ Safe
1.674,1.7936700668670238,0.11967006686702386,✅ Safe
2.654,2.5154603293016558,0.13853967069834416,✅ Safe
2.846,2.5415345365628603,0.30446546343713976,✅ Safe
2.584,2.696238611608744,0.11223861160874371,✅ Safe
3.132,2.879056669592858,0.25294333040714223,✅ Safe
3.475,3.241032662004233,0.2339673379957672,✅ Safe
3.2669999999999995,3.090550288036466,0.17644971196353332,✅ Safe
3.4600000000000004,3.195013112984598,0.2649868870154024,✅ Safe
2.79,2.744390936404467,0.04560906359553307,✅ Safe
2.662,2.4641548772156243,0.1978451227843756,✅ Safe
2.422,2.313779678575695,0.10822032142430515,✅ Safe
2.415,2.2290543361902238,0.18594566380977628,✅ Safe
2.197,2.111546723842621,0.08545327615737897,✅ Safe
2.305,1.9696944808624686,0.3353055191375316,✅ Safe
2.284,2.3178614820688965,0.03386148206889672,✅ Safe
2.2660000000000005,2.1706160282157363,0.09538397178426417,✅ Safe
2.146,2.1631406484581532,0.01714064845815333,✅ Safe
2.194,2.230955936506391,0.03695593650639095,✅ Safe
2.18,2.2531854772791267,0.0731854772791265,✅ Safe
2.422,2.263602415725589,0.15839758427441097,✅ Safe
2.435,2.140603823170066,0.29439617682993413,✅ Safe
2.183,2.1462186710312965,0.03678132896870334,✅ Safe
2.069,2.2064013932570816,0.13740139325708167,✅ Safe
2.209,2.2849183828756217,0.07591838287562158,✅ Safe
2.358,2.246773107200861,0.11122689279913889,✅ Safe
2.559,2.4055838917493824,0.1534161082506178,✅ Safe
2.261,2.2781756107360125,0.01717561073601237,✅ Safe
2.1255,2.1907580347135664,0.06525803471356628,✅ Safe
1.99,2.0504783810153606,0.06047838101536063,✅ Safe
1.871,1.9017844704911115,0.03078447049111155,✅ Safe
1.995,2.121158191345632,0.126158191345632,✅ Safe
2.074,1.9601352099962535,0.11386479000374639,✅ Safe
2.172,2.046482291288674,0.12551770871132595,✅ Safe
2.199,2.0575079696998,0.14149203030019963,✅ Safe
2.628,2.478081178374589,0.14991882162541126,✅ Safe
2.541,2.4093961009383205,0.13160389906167946,✅ Safe
2.611,2.4040254114568236,0.20697458854317663,✅ Safe
2.3890000000000002,2.38722021406889,0.0017797859311103892,✅ Safe
2.497,2.4153181670755153,0.08168183292448461,✅ Safe
2.565,2.460814027503133,0.10418597249686679,✅ Safe
2.4240000000000004,2.3294927209541205,0.09450727904587986,✅ Safe
2.036,2.2232244752794506,0.18722447527945052,✅ Safe
2.284,2.1857378178276123,0.09826218217238747,✅ Safe
2.092,2.154502303786576,0.06250230378657573,✅ Safe
2.375,2.243760274931789,0.13123972506821113,✅ Safe
2.228,2.11868593871221,0.10931406128779031,✅ Safe
2.128,2.13556731139496,0.007567311394959919,✅ Safe
2.254,2.2020973566211763,0.051902643378823665,✅ Safe
2.332,2.2259387003928426,0.10606129960715727,✅ Safe
2.286,2.2954042102843526,0.009404210284352565,✅ Safe
2.422,2.4692037757560614,0.04720377575606127,✅ Safe
2.314,2.4112486841082577,0.0972486841082576,✅ Safe
2.443,2.302932316593826,0.14006768340617404,✅ Safe
2.138,2.228643254555762,0.09064325455576228,✅ Safe
1.962,2.1007388405352834,0.1387388405352834,✅ Safe
2.02,2.108488716311753,0.08848871631175292,✅ Safe
2.119,2.2268590304329994,0.10785903043299916,✅ Safe
1.919,2.085378390412778,0.16637839041277802,✅ Safe
2.208,2.1278828138932586,0.08011718610674157,✅ Safe
2.115,2.1508058148063722,0.035805814806372016,✅ Safe
2.091,2.2239164119139314,0.13291641191393122,✅ Safe
2.45,2.3415081482827667,0.10849185171723352,✅ Safe
2.352,2.178798910863698,0.17320108913630206,✅ Safe
1.999,2.224355314090848,0.22535531409084797,✅ Safe
2.495,2.315780637972057,0.17921936202794297,✅ Safe
2.086,2.1674313047379257,0.08143130473792581,✅ Safe
2.45,2.3763808008134366,0.07361919918656357,✅ Safe
2.52,2.4347204783409837,0.08527952165901631,✅ Safe
2.354,2.3848268525451424,0.03082685254514228,✅ Safe
2.625,2.4385059268176557,0.18649407318234434,✅ Safe
2.543,2.346525384396315,0.19647461560368518,✅ Safe
2.186,2.2041749549880625,0.01817495498806254,✅ Safe
2.314,2.2234552533030514,0.09054474669694867,✅ Safe
2.185,2.14362427296862,0.04137572703137993,✅ Safe
2.476,2.4377404644638303,0.038259535536169675,✅ Safe
2.379,2.351981787644327,0.027018212355673032,✅ Safe
2.229,2.251553736224771,0.02255373622477075,✅ Safe
2.099,2.221497746944428,0.12249774694442772,✅ Safe
2.3890000000000002,2.390449516654015,0.0014495166540147153,✅ Safe
2.3730000000000007,2.2003698996528986,0.17263010034710202,✅ Safe
2.298,2.066360333830118,0.23163966616988185,✅ Safe
1.823,1.9126252085343005,0.08962520853430056,✅ Safe
1.798,1.8506099074333908,0.05260990743339078,✅ Safe
1.75,1.8424401401840151,0.09244014018401514,✅ Safe
1.914,1.7770280170887711,0.1369719829112288,✅ Safe
1.688,1.8821809239685536,0.1941809239685537,✅ Safe
2.833,2.68140920265019,0.1515907973498103,✅ Safe
2.713,2.5820135583132506,0.13098644168674944,✅ Safe
2.796,2.59426943461597,0.20173056538402978,✅ Safe
2.747,2.6294854721277954,0.11751452787220451,✅ Safe
2.8050000000000006,2.6925342401415113,0.11246575985848928,✅ Safe
2.641,2.5547123326510195,0.08628766734898052,✅ Safe
2.519,2.27375611884892,0.24524388115107998,✅ Safe
1.849,2.027418993204832,0.17841899320483212,✅ Safe
1.74,1.7950622200593354,0.055062220059335365,✅ Safe
1.584,1.7046759934388103,0.12067599343881019,✅ Safe
1.5255,1.7131089297719302,0.1876089297719301,✅ Safe
1.467,1.7108246645182372,0.24382466451823714,✅ Safe
1.987,1.7528431558571758,0.23415684414282434,✅ Safe
1.758,1.6872747078090908,0.07072529219090917,✅ Safe
1.577,1.6385039720982315,0.06150397209823155,✅ Safe
1.5500000000000003,1.6455695950090887,0.09556959500908846,✅ Safe
1.533,1.7060757641606035,0.17307576416060355,✅ Safe
1.412,1.67868027985096,0.26668027985096,✅ Safe
2.325,2.344544164337218,0.01954416433721784,✅ Safe
2.435,2.464707843616605,0.029707843616605167,✅ Safe
2.669,2.6108022556453947,0.05819774435460534,✅ Safe
2.655,2.650807665780187,0.00419233421981291,✅ Safe
3.459,3.3806599902212624,0.07834000977873767,✅ Safe
3.568,3.4994139628708365,0.06858603712916356,✅ Safe
4.176,3.763835765898228,0.41216423410177194,⚠️ FLOOD RISK
4.147,4.216798180013896,0.06979818001389582,⚠️ FLOOD RISK
4.617,4.700269925773145,0.08326992577314485,⚠️ FLOOD RISK
5.026,4.754404727026821,0.27159527297317876,⚠️ FLOOD RISK
5.318,4.981358883306385,0.33664111669361496,⚠️ FLOOD RISK
4.893,5.115600684419275,0.22260068441927494,⚠️ FLOOD RISK
5.521,5.449116261899472,0.07188373810052795,⚠️ FLOOD RISK
5.613,5.518976823493839,0.09402317650616165,⚠️ FLOOD RISK
4.832,4.911159970924259,0.07915997092425897,⚠️ FLOOD RISK
4.766,5.021341507092119,0.255341507092119,⚠️ FLOOD RISK
4.561,4.415093733116985,0.14590626688301533,⚠️ FLOOD RISK
4.186,4.000461667522789,0.1855383324772113,⚠️ FLOOD RISK
3.995,3.959616341963411,0.03538365803658916,⚠️ FLOOD RISK
3.838,3.8012790365517146,0.03672096344828546,⚠️ FLOOD RISK
4.316,4.426050522565842,0.11005052256584236,⚠️ FLOOD RISK
4.35,3.9238542269468315,0.42614577305316814,⚠️ FLOOD RISK
3.63,3.6422003799229867,0.012200379922986837,⚠️ FLOOD RISK
4.126,4.11092193903029,0.015078060969710094,⚠️ FLOOD RISK
5.649,5.530099476367236,0.11890052363276382,⚠️ FLOOD RISK
5.116,5.176144543781877,0.0601445437818775,⚠️ FLOOD RISK
5.361,4.821325054720045,0.5396749452799545,⚠️ FLOOD RISK
3.977,4.415639015749098,0.4386390157490978,⚠️ FLOOD RISK
4.5969999999999995,4.7380364446342,0.1410364446342003,⚠️ FLOOD RISK
4.674,4.315598464742304,0.3584015352576966,⚠️ FLOOD RISK
4.601,4.228955492109061,0.3720445078909389,⚠️ FLOOD RISK
3.9139999999999997,3.649402191013098,0.26459780898690166,⚠️ FLOOD RISK
3.227,3.314714573822916,0.08771457382291592,✅ Safe
3.311,3.142548074193299,0.16845192580670076,✅ Safe
3.435,3.2620154450386765,0.1729845549613236,✅ Safe
3.168,3.1800203576982025,0.01202035769820231,✅ Safe
2.902,2.8129553256779913,0.0890446743220088,✅ Safe
2.882,3.0368807522356516,0.15488075223565145,✅ Safe
3.014,2.846577643543482,0.16742235645651782,✅ Safe
2.802,2.7131659544259312,0.08883404557406882,✅ Safe
3.563,3.195350801378489,0.36764919862151135,✅ Safe
2.986,2.8191137339472774,0.16688626605272283,✅ Safe
3.637,3.7772145322859294,0.1402145322859294,⚠️ FLOOD RISK
3.791,3.7132829257249838,0.07771707427501617,⚠️ FLOOD RISK
4.55,4.671183681115509,0.12118368111550915,⚠️ FLOOD RISK
5.042999999999999,5.14900123281777,0.10600123281777041,⚠️ FLOOD RISK
6.006,5.678913942575456,0.32708605742454466,⚠️ FLOOD RISK
6.067,6.156160775721074,0.08916077572107373,⚠️ FLOOD RISK
6.964,6.7095723053812995,0.25442769461870096,⚠️ FLOOD RISK
7.068,7.150367339015008,0.08236733901500859,⚠️ FLOOD RISK
7.394000000000001,7.185188059866429,0.20881194013357174,⚠️ FLOOD RISK
7.024,7.172735055148602,0.1487350551486024,⚠️ FLOOD RISK
6.657,6.592941702514888,0.06405829748511227,⚠️ FLOOD RISK
5.943999999999999,5.765029914647342,0.17897008535265702,⚠️ FLOOD RISK
5.446999999999999,5.219511735275389,0.22748826472461037,⚠️ FLOOD RISK
5.508,5.647049088120461,0.13904908812046113,⚠️ FLOOD RISK
4.619,4.619946455597878,0.0009464555978784261,⚠️ FLOOD RISK
4.271,4.507915515750647,0.2369155157506473,⚠️ FLOOD RISK
4.541,4.919485466971994,0.3784854669719939,⚠️ FLOOD RISK
6.180999999999999,6.359976719319821,0.17897671931982195,⚠️ FLOOD RISK
6.122,5.824823944151403,0.2971760558485972,⚠️ FLOOD RISK
8.345,8.199041755199433,0.14595824480056763,⚠️ FLOOD RISK
7.391,7.826430896759034,0.43543089675903435,⚠️ FLOOD RISK
7.721,7.4406611866951,0.2803388133049003,⚠️ FLOOD RISK
8.801,8.374268779456617,0.42673122054338286,⚠️ FLOOD RISK
8.298,7.928478766143323,0.3695212338566769,⚠️ FLOOD RISK
6.737,7.09385083436966,0.35685083436966014,⚠️ FLOOD RISK
6.951,6.103710839509965,0.8472891604900346,⚠️ FLOOD RISK
4.31,5.155112743601204,0.845112743601204,⚠️ FLOOD RISK
4.502,4.455683374643327,0.046316625356673136,⚠️ FLOOD RISK
4.596,3.9297521819472316,0.6662478180527684,⚠️ FLOOD RISK
4.0005,3.8907912344634537,0.10970876553654607,⚠️ FLOOD RISK
3.405,3.5269366930425172,0.12193669304251742,⚠️ FLOOD RISK
3.869,3.931317551136017,0.062317551136017,⚠️ FLOOD RISK
3.774,3.889179232746363,0.11517923274636299,⚠️ FLOOD RISK
4.755000000000001,4.9342746023833755,0.17927460238337467,⚠️ FLOOD RISK
6.096,6.261281092822553,0.16528109282255254,⚠️ FLOOD RISK
5.999,5.848485712945462,0.15051428705453773,⚠️ FLOOD RISK
5.82,5.788483426809312,0.03151657319068857,⚠️ FLOOD RISK
5.9,5.715832067370416,0.18416793262958464,⚠️ FLOOD RISK
5.276,5.355629700779915,0.0796297007799156,⚠️ FLOOD RISK
4.98,4.667010599747301,0.3129894002526994,⚠️ FLOOD RISK
4.499,4.401840291649104,0.09715970835089571,⚠️ FLOOD RISK
2.994,3.5188024963438513,0.5248024963438511,⚠️ FLOOD RISK
3.1720000000000006,3.000510824605823,0.17148917539417763,✅ Safe
2.725,2.7771736038029196,0.052173603802919466,✅ Safe
2.803,2.7739085319489245,0.02909146805107543,✅ Safe
3.054,2.798302378445864,0.2556976215541358,✅ Safe
3.047,2.617871323004365,0.42912867699563506,✅ Safe
2.552,2.5645470268875363,0.012547026887536283,✅ Safe
2.807,2.668674283102155,0.13832571689784512,✅ Safe
2.904,2.590542011842132,0.3134579881578681,✅ Safe
2.7260000000000004,2.5128919633179905,0.21310803668200995,✅ Safe
2.672,2.5627129907459025,0.10928700925409762,✅ Safe
2.344,2.3448859595730904,0.0008859595730905667,✅ Safe
2.599,2.4407116983979944,0.1582883016020058,✅ Safe
2.61,2.48183748152107,0.12816251847892968,✅ Safe
2.809,2.6362070476636292,0.17279295233637093,✅ Safe
